Store Format,Store Region,Store #,Store Name,Address,City,State,Zip,Phone #
Non-plus,North West Region,6,Stephenville H-E-B,2150 W. WASHINGTON,STEPHENVILLE,TX,76401-3928," (254) 965-7063"
Non-plus,Border Region,9,Donna H-E-B,813 MILLER,DONNA,TX,78537-3148," (956) 464-3471"
Plus,Border Region,13,Rio Grande City H-E-B plus!,4031 EAST HWY 83,RIO GRANDE CITY,TX,78582-4815," (956) 488-8439"
Plus,Central Texas Region,14,Kyle H-E-B plus!,5401 SOUTH FM 1626,KYLE,TX,78640-6038," (512) 268-7900"
Plus,North West Region,16,Burleson H-E-B plus!,165 N.W.JOHN JONES DR.,BURLESON,TX,76028-5154," (817) 447-7484"
Non-plus,Houston Region,17,Angleton H-E-B,1239 E. MULBERRY,ANGLETON,TX,77515-3908," (979) 849-1215"
Plus,San Antonio Region,19,Lytle H-E-B plus!,19337 MCDONALD STREET,LYTLE,TX,78052-3622," (830) 772-5021"
Non-plus,Houston Region,20,Cypress Market H-E-B,24224 NORTHWEST FREEWAY,CYPRESS,TX,77429-5683," (281) 758-1100"
Non-plus,Gulf Coast Region,22,Robstown H-E-B,308 E. MAIN,ROBSTOWN,TX,78380-3352," (361) 387-4507"
Plus,Central Texas Region,24,Anderson Mill H-E-B plus!,"11521 NORTH FM620, BUILDING A",AUSTIN,TX,78726-1168," (512) 249-0558"
Non-plus,San Antonio Region,25,Floresville H-E-B,925 10TH STREET,FLORESVILLE,TX,78114-1851," (830) 393-8105"
Plus,San Antonio Region,26,McCreless Market H-E-B plus!,4100 SOUTH NEW BRAUNFELS,SAN ANTONIO,TX,78223-1717," (210) 531-3100"
Non-plus,Houston Region,28,Bay Colony H-E-B,2955 SOUTH GULF FREEWAY,LEAGUE CITY,TX,77573-6750," (281) 406-1163"
Non-plus,Central Texas Region,29,Westlake H-E-B,701 S CAPITAL OF TX HWY BLDG C,WEST LAKE HILLS,TX,78746-5256," (512) 732-9930"
Non-plus,Central Texas Region,31,Spicewood Springs H-E-B Permanently Closes on 7/31/26,12860 RESEARCH BLVD,AUSTIN,TX,78750-3222," (512) 506-9060"
Non-plus,Central Texas Region,34,Gattis School H-E-B Round Rock,3750 GATTIS SCHOOL RD,ROUND ROCK,TX,78664-4642," (512) 341-3775"
Non-plus,Houston Region,35,Orange H-E-B,2424 N.16TH STREET,ORANGE,TX,77630-2332," (409) 883-5105"
Plus,Border Region,38,San Juan H-E-B plus!,901 WEST EXPRESSWAY 83,SAN JUAN,TX,78589-3734," (956) 781-0554"
Plus,North West Region,39,Belton H-E-B plus!,2509 NORTH MAIN STREET,BELTON,TX,76513-1519," (254) 939-0856"
Plus,Houston Region,48,Beaumont H-E-B plus!,3025 NORTH DOWLEN ROAD,BEAUMONT,TX,77706-7213," (409) 866-2007"
Non-plus,Houston Region,50,HOUSTON RESERVE,,,,0-0," (1) 1-"
Non-plus,North West Region,51,Big Spring H-E-B,2000 SOUTH GREGG,BIG SPRING,TX,79720-5437," (432) 263-3000"
Non-plus,North West Region,52,Sherwood Avenue N H-E-B,3301 SHERWOOD WAY,SAN ANGELO,TX,76901-3528," (325) 942-9044"
Non-plus,Houston Region,53,Groves H-E-B,5000 32ND STREET,GROVES,TX,77619-2725," (409) 962-0142"
Non-plus,Houston Region,54,Blackhawk H-E-B,9828 BLACKHAWK BLVD.,HOUSTON,TX,77075-2246," (713) 991-2774"
Central Market,Central Market,55,Central Market Southlake,1425 E. SOUTHLAKE,SOUTHLAKE,TX,76092-6420," (817) 310-5600"
Plus,Gulf Coast Region,57,Flour Bluff H-E-B plus!,1145 WALDRON ROAD,CORPUS CHRISTI,TX,78418-4426," (361) 939-5500"
Central Market,Central Market,61,Central Market North Lamar,4001 NORTH LAMAR,AUSTIN,TX,78756-3733," (512) 206-1000"
Plus,Houston Region,63,Pearland H-E-B plus!,2805 BUSINESS CENTER DRIVE,PEARLAND,TX,77584-2191," (713) 578-6100"
Non-plus,North West Region,64,19th and Meridian H-E-B,3801 N 19TH ST.,WACO,TX,76708-1675," (254) 752-0359"
Mi Tienda,Mi Tienda,66,Mi Tienda 1,1630 SPENCER HWY,SOUTH HOUSTON,TX,77587-3752," (713) 941-7550"
Non-plus,Central Texas Region,68,Slaughter and Escarpment H-E-B,5800 W. SLAUGHTER LANE,AUSTIN,TX,78749-6507," (512) 301-9770"
Plus,Gulf Coast Region,69,Staples and Saratoga H-E-B plus!,5313 SARATOGA,CORPUS CHRISTI,TX,78413-2816," (361) 980-0993"
Non-plus,North West Region,70,Abilene H-E-B,1345 BARROW,ABILENE,TX,79605-5171," (325) 690-5000"
Non-plus,North West Region,71,Adams and 25th St H-E-B,1314 WEST ADAMS,TEMPLE,TX,76504-2448," (254) 773-4145"
Non-plus,San Antonio Region,74,New Braunfels H-E-B at Hwy 46,1655 W STATE HIGHWAY 46,NEW BRAUNFELS,TX,78130-4753," (830) 626-0937"
Convenience,Convenience Stores,79,Floresville H-E-B Convenience Store,909 10TH STREET,FLORESVILLE,TX,78114-1851," (830) 393-8908"
Plus,San Antonio Region,84,Zarzamora and Military H-E-B plus!,6818 SOUTH ZARZAMORA,SAN ANTONIO,TX,78224-1136," (210) 927-5334"
Plus,San Antonio Region,85,Potranco and 1604 H-E-B plus!,10718 POTRANCO ROAD,SAN ANTONIO,TX,78251-3312," (210) 681-2250"
Non-plus,Houston Region,86,Gulfway Drive H-E-B,3401 GULFWAY DR.,PORT ARTHUR,TX,77642-3671," (409) 985-9723"
Non-plus,Border Region,88,Pecan and Greenwood H-E-B,500 PECAN,DEL RIO,TX,78840-5824," (830) 774-2596"
Non-plus,Houston Region,90,CAFE ON THE RUN,3131 CAMPBELL,HOUSTON,TX,77080-0," (713) 690-3028"
Plus,Central Texas Region,91,Riverside H-E-B plus!,2508 EAST RIVERSIDE DRIVE,AUSTIN,TX,78741-3037," (512) 448-3544"
Plus,Gulf Coast Region,92,Victoria H-E-B plus!,6106 N. NAVARRO,VICTORIA,TX,77904-1767," (361) 578-9891"
Non-plus,San Antonio Region,93,DISASTER RECOVERY UNIT,"5311 RITTIMAN, BUILDING 2",SAN ANTONIO,TX,78218-4602," (999) 999-9999"
Plus,Border Region,94,Mission H-E-B plus!,2409 EAST EXPRESSWAY 83,MISSION,TX,78572-8354," (956) 205-6700"
Plus,Border Region,95,Laredo H-E-B plus!,1911 NE BOB BULLOCK LOOP,LAREDO,TX,78045-6596," (956) 764-5000"
Non-plus,Central Texas Region,96,Far West H-E-B,7015 VILLAGE CTR DR.,AUSTIN,TX,78731-3023," (512) 502-8445"
Non-plus,Houston Region,99,Vintage Park Market H-E-B,10919 LOUETTA RD,HOUSTON,TX,77070-1667," (281) 257-4600"
Convenience,Convenience Stores,101,Gattis School Rd H-E-B Convenience Store,3780 GATTIS SCHOOL ROAD,ROUND ROCK,TX,78664-9730," (512) 246-3215"
Non-plus,San Antonio Region,102,Alon Market H-E-B,8503 NW MILITARY HWY,SAN ANTONIO,TX,78231-1841," (210) 479-4300"
Non-plus,North West Region,104,Marlin H-E-B,435 LIVE OAK,MARLIN,TX,76661-2367," (254) 803-5501"
Non-plus,San Antonio Region,106,W. W. White H-E-B,1015 S.W.W. WHITE ROAD,SAN ANTONIO,TX,78220-2530," (210) 333-0020"
Non-plus,North West Region,107,Ennis H-E-B,101 S. CLAY ST,ENNIS,TX,75119-4519," (972) 875-7720"
Plus,San Antonio Region,108,281 and Evans Road H-E-B plus!,20935 US HIGHWAY 281 NORTH,SAN ANTONIO,TX,78258-7587," (210) 491-2400"
Non-plus,Houston Region,109,Bunker Hill H-E-B,9710 KATY FREEWAY,HOUSTON,TX,77055-6209," (713) 647-5900"
Non-plus,Houston Region,110,Sienna Market H-E-B,8900 HWY 6,MISSOURI CITY,TX,77459-6931," (281) 778-1300"
Convenience,Convenience Stores,111,Military at Zarzamora H-E-B Convenience Store,7004 S.ZARZAMORA,SAN ANTONIO,TX,78224-1118," (210) 932-9275"
Non-plus,Gulf Coast Region,115,Sinton H-E-B,106 S. SAN PATRICIO,SINTON,TX,78387-2415," (361) 364-3270"
Non-plus,Houston Region,116,Lumberton H-E-B,819 N MAIN ST,LUMBERTON,TX,77657-7358," (409) 755-2501"
Non-plus,Border Region,117,Crystal City H-E-B,514 E. ZAVALA,CRYSTAL CITY,TX,78839-2936," (830) 374-2305"
Convenience,Convenience Stores,121,Military at Pleasanton H-E-B Convenience Store,SW MILITARY DRIVE,SAN ANTONIO,TX,78221-1642," (210) 927-3265"
Non-plus,Border Region,136,Southland and 12th St H-E-B,1213 S. COMMERCE,HARLINGEN,TX,78550-7708," (956) 425-6677"
Non-plus,Gulf Coast Region,139,Weber and Holly H-E-B,5801 WEBER ROAD,CORPUS CHRISTI,TX,78413-3966," (361) 854-1911"
Non-plus,Gulf Coast Region,160,Mathis H-E-B,601 E. SAN PATRICIO,MATHIS,TX,78368-2428," (361) 547-3233"
Non-plus,Central Texas Region,161,Ed Bluestein H-E-B,7112 ED BLUESTEIN_#125,AUSTIN,TX,78723-2924," (512) 926-1491"
Non-plus,San Antonio Region,164,Brook Hollow H-E-B,15000 SAN PEDRO,SAN ANTONIO,TX,78232-3714," (210) 494-3501"
Non-plus,Border Region,168,Morgan and Grimes H-E-B,1103 MORGAN BLVD,HARLINGEN,TX,78550-5152," (956) 428-6365"
Non-plus,Gulf Coast Region,171,Ingleside H-E-B,2616 STATE HIGHWAY 361,INGLESIDE,TX,78362-4202," (361) 776-7510"
Non-plus,Border Region,172,Closner and Baker H-E-B,1212 S CLOSNER BLVD,EDINBURG,TX,78539-5664," (956) 381-9136"
Non-plus,San Antonio Region,178,San Pedro and Oblate H-E-B,6839 SAN PEDRO,SAN ANTONIO,TX,78216-7202," (210) 342-2745"
Non-plus,North West Region,182,Market Place H-E-B,3002 S 31 ST,TEMPLE,TX,76502-1802," (254) 778-4820"
Non-plus,Central Texas Region,183,Lamar and Rundberg H-E-B,9414 N LAMAR BLVD,AUSTIN,TX,78753-4106," (512) 835-5400"
Non-plus,Gulf Coast Region,184,Leopard and Violet H-E-B,11100 LEOPARD,CORPUS CHRISTI,TX,78410-2612," (361) 241-4228"
Non-plus,Border Region,186,Saunders St H-E-B,2310 E SAUNDERS ST,LAREDO,TX,78041-5435," (956) 724-1128"
Non-plus,San Antonio Region,189,El Mercado H-E-B,2130 CULEBRA,SAN ANTONIO,TX,78228-6308," (210) 737-1027"
Central Market,Central Market,191,San Antonio Central Market,4821 BROADWAY,SAN ANTONIO,TX,78209-5703," (210) 368-8600"
Non-plus,San Antonio Region,195,Blanco and West Ave H-E-B,11551 WEST AVE.,SAN ANTONIO,TX,78213-1343," (210) 340-7976"
Non-plus,Gulf Coast Region,200,Falfurrias H-E-B,700 S SAINT MARYS ST,FALFURRIAS,TX,78355-4365," (361) 325-3604"
Non-plus,Central Texas Region,202,Burnet Rd H-E-B,5808 BURNET RD,AUSTIN,TX,78756-1100," (512) 453-8864"
Non-plus,San Antonio Region,205,Las Palmas H-E-B,721 CASTROVILLE RD,SAN ANTONIO,TX,78237-3134," (210) 432-0949"
Non-plus,Border Region,207,Guadalupe and Stone H-E-B,1301 GUADALUPE ST.,LAREDO,TX,78040-5343," (956) 724-1147"
Non-plus,Gulf Coast Region,210,Alameda and Robert H-E-B,4320 S. ALAMEDA ST.,CORPUS CHRISTI,TX,78412-2412," (361) 993-4840"
Non-plus,San Antonio Region,211,New Braunfels and Houston H-E-B,415 N. NEW BRAUNFELS,SAN ANTONIO,TX,78202-3050," (210) 226-8531"
Non-plus,Border Region,212,N 10th and Fern H-E-B,3200 N. 10TH STREET,MCALLEN,TX,78501-1926," (956) 631-7138"
Non-plus,Central Texas Region,218,Parmer and Mopac H-E-B,12407 N. MOPAC EXPWY,AUSTIN,TX,78758-2475," (512) 339-1181"
Non-plus,Gulf Coast Region,223,Alice H-E-B,1115 E. MAIN,ALICE,TX,78332-5046," (361) 668-6633"
Non-plus,San Antonio Region,224,Bandera and Guilbeau H-E-B,7951 GUILBEAU RD.,SAN ANTONIO,TX,78250-3232," (210) 523-0296"
Non-plus,Border Region,226,Conway and 9th St H-E-B,820 S. CONWAY,MISSION,TX,78572-5362," (956) 581-2154"
Non-plus,Central Texas Region,227,Slaughter and Manchaca H-E-B,2110 WEST SLAUGHTER LN,AUSTIN,TX,78748-5992," (512) 282-0182"
Non-plus,Central Texas Region,229,I 35 and William Cannon H-E-B,6607 SOUTH IH 35,AUSTIN,TX,78744-3410," (512) 441-9266"
Non-plus,San Antonio Region,230,Nacogdoches and O'Connor H-E-B,14087 O'CONNOR RD,SAN ANTONIO,TX,78247-1979," (210) 637-1313"
Non-plus,Border Region,231,83 and N Texas H-E-B,1004 N. TEXAS,WESLACO,TX,78596-4511," (956) 968-9533"
Non-plus,Gulf Coast Region,233,Wharton H-E-B,1616 N ALABAMA,WHARTON,TX,77488-3204," (979) 282-2773"
Non-plus,Gulf Coast Region,234,Refugio H-E-B,206 S. ALAMO,REFUGIO,TX,78377-2303," (361) 526-5381"
Non-plus,San Antonio Region,235,Grissom and Tezel H-E-B,9255 GRISSOM RD,SAN ANTONIO,TX,78251-2805," (210) 681-5071"
Non-plus,Central Texas Region,236,Wells Branch H-E-B,1434 WELLS BRANCH PKWY,PFLUGERVILLE,TX,78660-3153," (512) 251-2584"
Non-plus,North West Region,238,Corsicana H-E-B,201 S. 15TH STREET,CORSICANA,TX,75110-5138," (903) 874-4778"
Non-plus,Central Texas Region,243,East Hopkins H-E-B,641 EAST HOPKINS STREET,SAN MARCOS,TX,78666-7055," (512) 396-8880"
Non-plus,Gulf Coast Region,253,Leopard and Nueces Bay H-E-B,3500 LEOPARD,CORPUS CHRISTI,TX,78408-3204," (361) 882-9864"
Non-plus,Border Region,255,35 and Calton H-E-B,4801 SAN DARIO,LAREDO,TX,78041-5754," (956) 725-3061"
Non-plus,Houston Region,256,Columbus H-E-B,2105 MILAM,COLUMBUS,TX,78934-3013," (979) 732-6253"
Non-plus,Houston Region,257,Cleveland H-E-B,100 TRULY PLAZA,CLEVELAND,TX,77327-4889," (281) 592-0466"
Non-plus,San Antonio Region,262,Marketplace H-E-B,5601 BANDERA ROAD,SAN ANTONIO,TX,78238-1986," (210) 647-2700"
Non-plus,Border Region,263,Central Blvd H-E-B,1628 CENTRAL BLVD,BROWNSVILLE,TX,78520-8327," (956) 541-4816"
Non-plus,Central Texas Region,265,Hwy 183 and Whitestone Blvd H-E-B,170 E WHITESTONE BLVD,CEDAR PARK,TX,78613-1900," (512) 259-5500"
Non-plus,Central Texas Region,269,North Hills H-E-B,10710 RESEARCH BLVD. STE 200,AUSTIN,TX,78759-5780," (512) 794-8221"
Non-plus,Gulf Coast Region,270,Moore Plaza H-E-B,5425 S.P.I.D. AT STAPLES,CORPUS CHRISTI,TX,78411-5301," (361) 991-2695"
Non-plus,Houston Region,271,West Columbia H-E-B,110 W BRAZOS ST,WEST COLUMBIA,TX,77486-2606," (979) 345-6950"
Non-plus,Houston Region,287,Crockett H-E-B,1035 LOOP 304 EAST,CROCKETT,TX,75835-1805," (936) 544-5234"
Non-plus,Houston Region,288,Alvin H-E-B,207 E. SOUTH,ALVIN,TX,77511-3553," (281) 585-5188"
Non-plus,Border Region,291,83 and Lincoln H-E-B,613 S EXPWY 83,HARLINGEN,TX,78550-5905," (956) 425-7491"
Non-plus,Gulf Coast Region,292,Bay City H-E-B,2700 SEVENTH,BAY CITY,TX,77414-5305," (979) 245-2990"
Non-plus,San Antonio Region,294,Foster Rd H-E-B,6580 F.M. 78,SAN ANTONIO,TX,78244-1300," (210) 666-2022"
Non-plus,San Antonio Region,299,SAN ANTONIO RESERVE,.,.,TX,0-0," (210) 1-"
Non-plus,Border Region,332,Southmost and 30th H-E-B,2950 SOUTHMOST ROAD,BROWNSVILLE,TX,78521-4787," (956) 541-8406"
Non-plus,Gulf Coast Region,333,Aransas Pass H-E-B,101 E. GOODNIGHT,ARANSAS PASS,TX,78336-1919," (361) 758-5900"
Non-plus,Border Region,334,Pecan and Ware H-E-B,3601 PECAN,MCALLEN,TX,78501-3512," (956) 971-9881"
Non-plus,Houston Region,339,Livingston H-E-B,1509 W. CHURCH,LIVINGSTON,TX,77351-3003," (936) 327-6306"
Non-plus,Houston Region,348,Santa Fe H-E-B,4206 AVENUE T,SANTA FE,TX,77510-8615," (409) 925-5186"
Non-plus,Gulf Coast Region,351,Edna H-E-B,301 N. WELLS ST,EDNA,TX,77957-2728," (361) 782-5218"
Non-plus,Gulf Coast Region,355,Yoakum H-E-B,201 W. GONZALES,YOAKUM,TX,77995-2719," (361) 293-5281"
Non-plus,Central Market,367,CENTRAL MARKET RESERVE,,,,0-0," (0) 0-"
Non-plus,Border Region,370,Mercedes H-E-B,209 N. TEXAS,MERCEDES,TX,78570-2746," (956) 514-0003"
Non-plus,San Antonio Region,372,Oak Park H-E-B,1955 NACOGDOCHES,SAN ANTONIO,TX,78209-2217," (210) 930-3707"
Non-plus,Central Texas Region,373,620 and O'Connor H-E-B,16900 RANCH ROAD 620,ROUND ROCK,TX,78681-3922," (512) 238-7909"
Non-plus,North West Region,381,Harker Heights H-E-B,601 INDIAN TRAIL,HARKER HEIGHTS,TX,76548-1347," (254) 699-8411"
Non-plus,North West Region,382,West Wadley H-E-B,3325 WEST WADLEY,MIDLAND,TX,79707-5714," (432) 697-1471"
Non-plus,Border Region,383,Port Isabel H-E-B,1679 HIGHWAY 100,PORT ISABEL,TX,78578-2806," (956) 943-1171"
Non-plus,San Antonio Region,384,Montgomery at Walzem,6030 MONTGOMERY DR,SAN ANTONIO,TX,78239-3233," (210) 657-2944"
Non-plus,San Antonio Region,385,Olmos Park H-E-B,300 OLMOS DRIVE,SAN ANTONIO,TX,78212-1958," (210) 829-7373"
Non-plus,North West Region,387,42nd St. H-E-B,3801 E 42ND,ODESSA,TX,79762-5947," (432) 362-4500"
Non-plus,Central Texas Region,388,Parmer and McNeil H-E-B,6001 WEST PARMER LANE,AUSTIN,TX,78727-3901," (512) 249-0400"
Non-plus,San Antonio Region,389,West Ave and Jackson Keller H-E-B,6000 WEST AVENUE,SAN ANTONIO,TX,78213-2714," (210) 341-7289"
Non-plus,San Antonio Region,395,De Zavala H-E-B,12777 IH 10 WEST,SAN ANTONIO,TX,78230-1014," (210) 558-3981"
Non-plus,San Antonio Region,397,281 and 1604 H-E-B,18140 SAN PEDRO,SAN ANTONIO,TX,78232-1421," (210) 490-4931"
Non-plus,San Antonio Region,398,Thousand Oaks H-E-B,2929 THOUSAND OAKS,SAN ANTONIO,TX,78247-3312," (210) 491-9508"
Non-plus,Gulf Coast Region,401,Kingsville H-E-B,409 E. KLEBERG,KINGSVILLE,TX,78363-3872," (361) 595-0243"
Non-plus,North West Region,403,Gatesville H-E-B,1207 E.MAIN,GATESVILLE,TX,76528-1628," (254) 865-8491"
Non-plus,Central Texas Region,404,Bee Cave H-E-B,12400 W HIGHWAY 71,BEE CAVE,TX,78738-6517," (512) 263-0528"
Non-plus,San Antonio Region,411,Pleasanton H-E-B,219 W OAKLAWN,PLEASANTON,TX,78064-4221," (830) 281-8172"
Non-plus,Gulf Coast Region,412,Beeville H-E-B,100 EAST HOUSTON ST.,BEEVILLE,TX,78102-5613," (361) 358-4553"
Non-plus,Gulf Coast Region,413,Alameda / Texan Trail (Medical District),3133 S. ALAMEDA,CORPUS CHRISTI,TX,78404-2505," (361) 855-3031"
Non-plus,Houston Region,414,Brenham H-E-B,2508 S. DAY ST.,BRENHAM,TX,77833-5521," (979) 277-9858"
Plus,San Antonio Region,415,Schertz H-E-B plus!,17460 I.H. 35 NORTH,SCHERTZ,TX,78154-1264," (210) 651-5105"
Non-plus,Central Texas Region,416,La Grange H-E-B,450 E. TRAVIS,LA GRANGE,TX,78945-2655," (979) 968-8381"
Non-plus,Border Region,418,Avenue F and Gibbs H-E-B,200 VETERAN'S BLVD,DEL RIO,TX,78840-4658," (830) 774-5666"
Non-plus,Border Region,419,Eagle Pass H-E-B,2135 E. MAIN,EAGLE PASS,TX,78852-4718," (830) 773-0345"
Central Market,Central Market,420,Central Market Westgate,4477 S. LAMAR BLVD,AUSTIN,TX,78745-1409," (512) 899-4300"
Non-plus,Border Region,421,Alamo H-E-B,1211 EAST FRONTAGE RD.,ALAMO,TX,78516-2315," (956) 702-2289"
Non-plus,North West Region,423,Wooded Acres H-E-B,1301 WOODED ACRES,WACO,TX,76710-4437," (254) 776-7040"
Non-plus,Border Region,424,Hondo H-E-B,609 19TH STREET,HONDO,TX,78861-2504," (830) 426-4349"
Non-plus,Central Texas Region,425,Hancock Center H-E-B,1000 EAST 41 ST.,AUSTIN,TX,78751-4810," (512) 459-6513"
Non-plus,North West Region,426,Waxahachie H-E-B,800 HWY 77,WAXAHACHIE,TX,75165-1884," (972) 923-2283"
Non-plus,San Antonio Region,427,Military and Pleasanton H-E-B,735 SW MILITARY,SAN ANTONIO,TX,78221-1642," (210) 927-6825"
Non-plus,Central Texas Region,428,Brodie Lane H-E-B,6900 BRODIE LANE,AUSTIN,TX,78745-5008," (512) 891-8900"
Non-plus,Border Region,429,Raymondville H-E-B,405 W. HILDALGO,RAYMONDVILLE,TX,78580-3532," (956) 689-6556"
Non-plus,Border Region,431,Edinburg H-E-B,2700 W FREDDY GONZALEZ,EDINBURG,TX,78539-7312," (956) 383-4083"
Non-plus,Central Texas Region,432,Lampasas H-E-B,705 S. KEY AVE.,LAMPASAS,TX,76550-3114," (512) 556-3461"
Non-plus,Central Texas Region,433,Burnet Polk Street H-E-B,105 S BOUNDARY,BURNET,TX,78611-3201," (512) 756-6188"
Non-plus,Gulf Coast Region,434,Port Lavaca H-E-B,101 CALHOUN PLAZA,PORT LAVACA,TX,77979-2423," (361) 552-7523"
Non-plus,Border Region,441,Uvalde H-E-B,201 EAST MAIN,UVALDE,TX,78801-5638," (830) 278-3352"
Non-plus,San Antonio Region,444,Military and Goliad H-E-B,3323 SE MILITARY DR.,SAN ANTONIO,TX,78223-3814," (210) 333-1441"
Non-plus,Central Texas Region,445,Lockhart H-E-B,403 SOUTH COLORADO STREET,LOCKHART,TX,78644-2702," (512) 398-2301"
Plus,Border Region,446,Paredes and Torres H-E-B plus!,2155 PAREDES LINE RD,BROWNSVILLE,TX,78521-1609," (956) 574-9701"
Non-plus,Border Region,448,Palmview H-E-B,6010 W EXPRESSWAY 83,PALMVIEW,TX,78572-9139," (956) 585-3161"
Non-plus,Border Region,449,McPherson Rd H-E-B,7811 MCPHERSON RD.,LAREDO,TX,78045-2802," (956) 712-2459"
Non-plus,Central Texas Region,451,Four Points H-E-B,7301 N FM 620,AUSTIN,TX,78726-4539," (512) 336-7700"
Non-plus,Central Texas Region,455,West Hopkins H-E-B,200 WEST HOPKINS ST.,SAN MARCOS,TX,78666-5615," (512) 396-0100"
Non-plus,Houston Region,458,Carthage H-E-B,419 NW LOOP 436,CARTHAGE,TX,75633-9275," (903) 693-4952"
Non-plus,Gulf Coast Region,462,S Port and Tarlton H-E-B,3033 SOUTH PORT ST.,CORPUS CHRISTI,TX,78405-2040," (361) 883-6002"
Plus,San Antonio Region,463,Loop 1604 and Blanco Rd H-E-B plus!,1150 NW LOOP 1604,SAN ANTONIO,TX,78248-4552," (210) 408-1641"
Non-plus,Central Texas Region,464,Luling H-E-B,320 PIERCE,LULING,TX,78648-2427," (830) 875-3831"
Non-plus,Central Texas Region,465,7th Street H-E-B,2701 EAST 7TH,AUSTIN,TX,78702-3907," (512) 478-7328"
Non-plus,San Antonio Region,466,Commerce and Rosillo H-E-B,108 N ROSILLO,SAN ANTONIO,TX,78207-3706," (210) 227-0447"
Non-plus,North West Region,467,Mexia H-E-B,701 E. MILAM STREET,MEXIA,TX,76667-2445," (254) 562-5305"
Non-plus,Houston Region,473,Fairmont Pkwy H-E-B,6210 FAIRMONT PKWY,PASADENA,TX,77505-4027," (281) 487-1946"
Non-plus,Houston Region,474,Lake Colony H-E-B,4724 HWY 6,MISSOURI CITY,TX,77459-4180," (281) 403-2172"
Non-plus,Central Texas Region,475,Elgin H-E-B,1080 West HWY 290,ELGIN,TX,78621-2519," (512) 285-4168"
Non-plus,Central Texas Region,476,Tech Ridge H-E-B,500 CANYON RIDGE DR.,AUSTIN,TX,78753-1632," (512) 973-8143"
Non-plus,Central Texas Region,477,Buda H-E-B,15300 S IH-35,BUDA,TX,78610-9703," (512) 312-1615"
Non-plus,Central Texas Region,479,H-E-B Pflugerville FM 685,201 N FM 685,PFLUGERVILLE,TX,78660-8045," (512) 251-0002"
Non-plus,San Antonio Region,480,I10 and Wurzbach H-E-B,9900 WURZBACH,SAN ANTONIO,TX,78230-2212," (210) 696-0794"
Non-plus,Border Region,485,83 and Westgate H-E-B,310 N. WESTGATE DRIVE,WESLACO,TX,78596-2700," (956) 447-5901"
Non-plus,Central Texas Region,487,Williams Drive H-E-B,4500 WILLIAMS DRIVE,GEORGETOWN,TX,78633-0," (512) 863-4427"
Non-plus,Gulf Coast Region,488,Portland H-E-B,1600 WILDCAT DRIVE,PORTLAND,TX,78374-2816," (361) 643-1511"
Non-plus,Border Region,489,Boca Chica H-E-B,2250 BOCA CHICA,BROWNSVILLE,TX,78521-2216," (956) 541-1251"
Central Market,Central Market,491,Central Market Houston,3815 WESTHEIMER,HOUSTON,TX,77027-5003," (713) 386-1700"
Non-plus,Houston Region,492,Fry Rd and I10 H-E-B,1550 FRY RD,HOUSTON,TX,77084-5813," (281) 829-0126"
Non-plus,San Antonio Region,494,Culebra and 1604 H-E-B,10660 WEST FM 471,SAN ANTONIO,TX,78251-1320," (210) 684-1019"
Non-plus,Central Texas Region,495,Louis Henna Blvd H-E-B,603 LOUIS HENNA BLVD. BLDG A,ROUND ROCK,TX,78664-7186," (512) 828-0806"
Non-plus,Houston Region,497,Mason Rd H-E-B,1621 MASON ROAD,KATY,TX,77450-4564," (281) 599-0045"
Non-plus,Houston Region,498,Atascocita H-E-B,7405 FM 1960 EAST,HUMBLE,TX,77346-3128," (281) 812-4357"
Non-plus,Houston Region,540,Gulfgate H-E-B,"3111 WOODRIDGE, SUITE 500",HOUSTON,TX,77087-2558," (713) 847-0025"
Non-plus,Houston Region,541,Beechnut H-E-B,10100 BEECHNUT,HOUSTON,TX,77072-5000," (281) 564-5201"
Non-plus,Houston Region,543,Texas Avenue H-E-B,1900 TEXAS AVENUE SOUTH,COLLEGE STATION,TX,77840-3914," (979) 693-0361"
Non-plus,Houston Region,544,Tejas Center H-E-B,725 E VILLA MARIA RD STE 1300,BRYAN,TX,77802-5320," (979) 779-8905"
Central Market,Central Market,545,Central Market Fort Worth,4651 WEST FREEWAY,FORT WORTH,TX,76107-5489," (817) 989-4700"
Central Market,Central Market,546,Central Market Plano,320 COIT ROAD,PLANO,TX,75075-5712," (469) 241-8300"
Non-plus,Houston Region,551,Westheimer and Kirkwood H-E-B,11815 WESTHEIMER,HOUSTON,TX,77077-6860," (281) 531-8646"
Central Market,Central Market,552,Central Market Lovers Lane,5750 EAST LOVERS LANE,DALLAS,TX,75206-2921," (214) 234-7000"
Non-plus,Houston Region,553,Bear Creek H-E-B,4955 HWY 6 N,HOUSTON,TX,77084-2718," (281) 859-9381"
Non-plus,Gulf Coast Region,554,59 and Laurent H-E-B,1505 EAST RIO GRANDE,VICTORIA,TX,77901-6220," (361) 572-8221"
Non-plus,San Antonio Region,555,Kitty Hawk H-E-B,910 KITTY HAWK ROAD,UNIVERSAL CITY,TX,78148-3806," (210) 945-2102"
Non-plus,San Antonio Region,556,Deco District H-E-B,2118 FREDERICKSBURG RD,SAN ANTONIO,TX,78201-4407," (210) 737-2047"
Plus,North West Region,557,35 and 84 H-E-B plus!,801 NORTH I-H 35,BELLMEAD,TX,76705-2874," (254) 799-0253"
Non-plus,Houston Region,558,Friendswood H-E-B,701 WEST PARKWOOD,FRIENDSWOOD,TX,77546-5405," (281) 996-9967"
Joe V's Smart Shop,Houston Smart Shop,559,Fuqua Smart Shop,6100 W FUQUA,HOUSTON,TX,77085-4072," (713) 413-9300"
Non-plus,San Antonio Region,561,Fredericksburg H-E-B,407 SOUTH ADAMS,FREDERICKSBURG,TX,78624-4146," (830) 997-9950"
Non-plus,Gulf Coast Region,562,Rockport H-E-B,1409 HWY 35 NORTH BUSINESS,ROCKPORT,TX,78382-3314," (361) 729-8230"
Non-plus,Houston Region,563,Riverpark H-E-B,19900 SOUTHWEST FWY,SUGAR LAND,TX,77479-6505," (281) 239-2050"
Non-plus,Houston Region,564,Sawdust Rd and 45 H-E-B,130 SAWDUST ROAD,SPRING,TX,77380-2272," (281) 364-7744"
Non-plus,San Antonio Region,566,Leon Springs H-E-B,"24165 I-H 10 WEST, SUITE 300",SAN ANTONIO,TX,78257-1161," (210) 687-1007"
Non-plus,San Antonio Region,567,Lincoln Heights Market H-E-B,999 EAST BASSE ROAD,SAN ANTONIO,TX,78209-1804," (210) 822-0156"
Non-plus,San Antonio Region,568,Perrin Beitel and Thousand Oaks H-E-B,12018 PERRIN BEITEL ROAD,SAN ANTONIO,TX,78217-2116," (210) 655-9071"
Non-plus,Border Region,570,35 and Del Mar H-E-B,210 WEST DEL MAR BOULEVARD,LAREDO,TX,78041-2205," (956) 712-3005"
Non-plus,Border Region,571,Conway & Griffin Pkwy H-E-B,200 EAST GRIFFIN,MISSION,TX,78572-2912," (956) 424-7908"
Non-plus,Houston Region,574,Tomball Pkwy and Graham H-E-B,28520 TOMBALL PARKWAY,TOMBALL,TX,77375-4546," (281) 255-2250"
Non-plus,Houston Region,575,Bellaire Blvd H-E-B,14498 BELLAIRE,HOUSTON,TX,77083-7520," (281) 776-0143"
Non-plus,Houston Region,576,Louetta and Stuebner H-E-B,7310 LOUETTA,SPRING,TX,77379-7234," (281) 374-7727"
Non-plus,Houston Region,577,Kempwood and Gessner H-E-B,10251 KEMPWOOD,HOUSTON,TX,77043-1803," (713) 996-0009"
Non-plus,Houston Region,579,Woodlands Market H-E-B,9595 SIX PINES RD,THE WOODLANDS,TX,77380-1531," (281) 292-2080"
Non-plus,Central Texas Region,580,Parmer and Whitestone H-E-B,2800 EAST WHITESTONE,CEDAR PARK,TX,78613-7273," (512) 528-0027"
Plus,North West Region,581,Trimmier H-E-B plus!,"2511 TRIMMIER RD, SUITE 100",KILLEEN,TX,76542-1910," (254) 526-9674"
Plus,Central Texas Region,582,Bastrop H-E-B plus!,104 N HASLER BLVD,BASTROP,TX,78602-3740," (512) 321-1011"
Plus,North West Region,583,Woodway H-E-B plus!,9100 WOODWAY DRIVE,WOODWAY,TX,76712-3371," (254) 751-0239"
Non-plus,Gulf Coast Region,584,El Campo H-E-B,306 N. MECHANIC,EL CAMPO,TX,77437-4420," (979) 578-8601"
Non-plus,San Antonio Region,585,Austin Highway H-E-B,1520 AUSTIN HWY,SAN ANTONIO,TX,78218-6039," (210) 828-5076"
Non-plus,Border Region,586,Zapata Highway H-E-B,2314 SOUTH ZAPATA HIGHWAY,LAREDO,TX,78046-6563," (956) 795-0207"
Non-plus,Central Texas Region,587,Kingsland H-E-B,215 RANCH ROAD 2900,KINGSLAND,TX,78639-6105," (325) 388-4601"
Convenience,Convenience Stores,588,Mission H-E-B Convenience Store,2216 NORTH CONWAY,MISSION,TX,78572-2968," (956) 424-7947"
Non-plus,Houston Region,589,Mid County H-E-B,4800 B HWY 365,PORT ARTHUR,TX,77642-7403," (409) 722-1369"
Non-plus,Border Region,590,10th and Trenton H-E-B,901 TRENTON RD,MCALLEN,TX,78504-7705," (956) 618-0073"
Plus,Central Texas Region,591,Round Rock H-E-B plus!,1700 EAST PALM VALLEY BLVD,ROUND ROCK,TX,78664-4677," (512) 388-2649"
Plus,Central Texas Region,592,Leander H-E-B plus!,651 N. US HWY 183,LEANDER,TX,78641-7001," (512) 528-7700"
Non-plus,Central Texas Region,593,Taylor H-E-B,100 N.W.CARLOS G.PARKER BL#101,TAYLOR,TX,76574-7059," (512) 352-2015"
Non-plus,Houston Region,594,Indian Springs H-E-B,10777 KUYKENDAHL ROAD,THE WOODLANDS,TX,77382-2772," (281) 292-8006"
Non-plus,Houston Region,595,N Frazier At Loop 336 H-E-B,2108 NORTH FRAZIER,CONROE,TX,77301-1220," (936) 756-1430"
Plus,Houston Region,596,Grand Parkway H-E-B plus!,6711 SOUTH FRY ROAD,KATY,TX,77494-8100," (281) 392-9500"
Non-plus,Houston Region,599,Buffalo Market H-E-B On Buffalo Speedway,5225 BUFFALO SPEEDWAY,HOUSTON,TX,77005-4210," (713) 218-1800"
Non-plus,Mi Tienda,604,MI TIENDA RESERVE STORE,,HOUSTON,TX,77587-0," (999) 999-9999"
Non-plus,Houston Smart Shop,605,SMART SHOP RESERVE,,HOUSTON,TX,77066-0," (999) 999-9999"
Non-plus,Houston Region,610,Spring Market H-E-B,2121 FM 2920,SPRING,TX,77388-3412," (281) 907-7900"
Non-plus,Central Texas Region,611,Dripping Springs H-E-B,598 E.HWY US 290,DRIPPING SPRINGS,TX,78620-5482," (512) 858-2972"
Non-plus,San Antonio Region,612,La Vernia H-E-B,14414 US HWY 87 WEST,LA VERNIA,TX,78121-5922," (830) 779-1790"
Plus,San Antonio Region,613,Marbach and 410 H-E-B plus!,8219 MARBACH,SAN ANTONIO,TX,78227-1652," (210) 673-4900"
Non-plus,Houston Region,614,Summerwood Market H-E-B,12680 W.LAKE HOUSTON PKWY,HOUSTON,TX,77044-6087," (281) 436-0987"
Non-plus,Houston Region,615,Katy Market H-E-B,25675 NELSON WAY,KATY,TX,77494-5904," (281) 574-1800"
Joe V's Smart Shop,Houston Smart Shop,616,Antoine Smart Shop,12035 ANTOINE,HOUSTON,TX,77066-4415," (281) 895-8668"
Non-plus,Houston Region,617,Lufkin H-E-B,111 NORTH TIMBERLAND DRIVE,LUFKIN,TX,75901-453," (936) 639-1358"
Non-plus,San Antonio Region,618,Babcock H-E-B,5910 BABCOCK RD,SAN ANTONIO,TX,78240-2136," (210) 641-6403"
Non-plus,Houston Region,619,Tower Point Market H-E-B,949 WILLIAM D.FITCH PARKWAY,COLLEGE STATION,TX,77845-4638," (979) 690-4940"
Non-plus,Border Region,620,Pearsall H-E-B,225 SOUTH IH 35,PEARSALL,TX,78061-6630," (830) 334-3374"
Plus,San Antonio Region,621,Boerne H-E-B plus!,420 WEST BANDERA ROAD,BOERNE,TX,78006-2523," (830) 816-2394"
Plus,San Antonio Region,622,Bulverde H-E-B plus!,20725 HWY 46 WEST,SPRING BRANCH,TX,78070-6270," (830) 438-3000"
Plus,San Antonio Region,623,Bandera and 1604 H-E-B plus!,9238 N.LOOP 1604 WEST,SAN ANTONIO,TX,78249-2577," (210) 682-0165"
Non-plus,Border Region,626,San Benito H-E-B,1095 WEST BUSINESS 77,SAN BENITO,TX,78586-4395," (956) 399-0241"
Non-plus,Houston Region,627,Sugar Land Market H-E-B,530 HWY 6,SUGAR LAND,TX,77478-4947," (281) 494-3690"
Convenience,Convenience Stores,628,Riverside H-E-B Convenience Store,2512 E.RIVERSIDE,AUSTIN,TX,78741-3037," (512) 448-3513"
Non-plus,Houston Region,629,HUNTSVILLE  I45/SMITHERS,,,,0-0," (999) 999-9999"
Non-plus,Houston Region,630,Montrose Market H-E-B,1701 WEST ALABAMA ST,HOUSTON,TX,77098-2807," (713) 529-2475"
Non-plus,North West Region,631,Granbury H-E-B,3804 US HWY 377,GRANBURY,TX,76049-7428," (817) 579-2500"
Non-plus,Houston Region,638,North Woodlands Market H-E-B,3601 FM 1488,THE WOODLANDS,TX,77384-3943," (936) 271-2730"
Non-plus,Central Texas Region,639,Mueller H-E-B,1801 E.51ST STREET,AUSTIN,TX,78723-3014," (512) 474-2199"
Joe V's Smart Shop,Houston Smart Shop,640,Uvalde Smart Shop,5609 UVALDE RD,HOUSTON,TX,77049-4523," (281) 454-6947"
Non-plus,Gulf Coast Region,641,Gonzales H-E-B,1841 CHURCH ST.,GONZALES,TX,78629-2406," (830) 672-7595"
Plus,Border Region,642,Pharr H-E-B plus!,1300 SOUTH CAGE BLVD.,PHARR,TX,78577-6293," (956) 781-6121"
Non-plus,Gulf Coast Region,643,Kostoryz and Gollihar H-E-B,4444 KOSTORYZ,CORPUS CHRISTI,TX,78415-5021," (361) 853-9831"
Non-plus,Houston Region,644,Hwy 21 and N Texas Ave H-E-B,1609 NORTH TEXAS AVENUE,BRYAN,TX,77803-1828," (979) 778-1077"
Joe V's Smart Shop,Houston Smart Shop,645,Baytown Smart Shop,3500 GARTH ROAD,BAYTOWN,TX,77521-3813," (281) 420-4047"
Joe V's Smart Shop,Houston Smart Shop,646,Hwy 290 Smart Shop,12009 NORTHWEST FREEWAY,HOUSTON,TX,77092-4901," (713) 683-1720"
Non-plus,Specialty Pharmacies,647,H-E-B Compounding Pharmacy at the MARC,8300 FLOYD CURL DR.STE 105,SAN ANTONIO,TX,78229-3931," (210) 593-0291"
Mi Tienda,Mi Tienda,648,Mi Tienda 2,3800 LITTLE YORK RD,HOUSTON,TX,77093-3616," (713) 697-0847"
Joe V's Smart Shop,Houston Smart Shop,649,Victory Smart Shop,612 N VICTORY DRIVE,HOUSTON,TX,77088-6388," (281) 847-0996"
Convenience,Convenience Stores,651,H-E-B Fresh Bites Convenience Store,"19561 S FM 2790 W, SUITE 1",LYTLE,TX,78052-0," (830) 772-3652"
Central Market,Central Market,653,Dallas Preston Royal Central Market,10720 PRESTON RD   SUITE 1018,DALLAS,TX,75230-8818," (972) 860-6500"
Non-plus,Central Market,654,CM ECOMMERCE,801 N EXPRESSWAY 77,HARLINGEN,TX,78552-0," (999) 999-9999"
Non-plus,San Antonio Region,655,Kerrville H-E-B on Sidney Baker St,313 SIDNEY BAKER SOUTH,KERRVILLE,TX,78028-5916," (830) 896-8030"
Non-plus,Houston Region,656,Fairfield Market H-E-B,28550 US- 290,CYPRESS,TX,77433-4288," (281) 256-6339"
Non-plus,Houston Region,657,Jones and West H-E-B,9503 JONES ROAD,HOUSTON,TX,77065-4814," (281) 894-5361"
Non-plus,San Antonio Region,658,The Market at Stone Oak,23635 WILDERNESS OAK,SAN ANTONIO,TX,78258-0," (210) 482-3300"
Plus,Central Texas Region,659,Lakeline H-E-B plus!,14028 NORTH US 183,AUSTIN,TX,78717-5992," (512) 249-9012"
Non-plus,Houston Region,660,Conroe Market H-E-B,3875 W.DAVIS ST.,CONROE,TX,77304-1837," (936) 760-6800"
Non-plus,Houston Region,662,Texas City H-E-B,3502 PALMER HIGHWAY,TEXAS CITY,TX,77590-6548," (409) 948-9500"
Joe V's Smart Shop,Houston Smart Shop,667,Bellfort Smart Shop,7755 WEST BELLFORT ST,HOUSTON,TX,77071-2104," (713) 721-0100"
Plus,North West Region,668,Copperas Cove H-E-B plus!,2990 EAST HWY 190,COPPERAS COVE,TX,76522-2515," (254) 547-6333"
Non-plus,Border Region,671,Carrizo Springs H-E-B,2030 N. 1ST STREET,CARRIZO SPRINGS,TX,78834-2028," (830) 876-3521"
Plus,North West Region,672,Valley Mills H-E-B plus!,1821 SOUTH VALLEY MILLS DR.,WACO,TX,76711-2119," (254) 710-9400"
Non-plus,Central Texas Region,673,University Blvd H-E-B,250 UNIVERSITY BLVD.,ROUND ROCK,TX,78665-1044," (512) 864-8000"
Non-plus,Border Region,674,Palmhurst H-E-B,120 E. MILE 3 RD,PALMHURST,TX,78573-5070," (956) 580-7407"
Non-plus,Houston Region,675,Pearland Market H-E-B,2710 PEARLAND PARKWAY,PEARLAND,TX,77581-5346," (281) 412-8700"
Non-plus,Border Region,677,Elsa H-E-B,512 E. EDINBURG AVE.,ELSA,TX,78543-9800," (956) 262-1501"
Non-plus,San Antonio Region,678,Valley Hi H-E-B,368 VALLEY HI DRIVE,SAN ANTONIO,TX,78227-4602," (210) 674-3710"
Non-plus,North West Region,679,Cleburne H-E-B,600 W HENDERSON,CLEBURNE,TX,76033-4830," (817) 641-6203"
Non-plus,Houston Region,686,Creekside Park H-E-B,26500 KUYKENDAHL RD,TOMBALL,TX,77375-1478," (281) 205-6500"
Non-plus,Houston Region,687,San Felipe H-E-B,5895 SAN FELIPE STREET,HOUSTON,TX,77057-3061," (713) 278-8450"
Convenience,Convenience Stores,688,Kenedy H-E-B Convenience Store,105 N.SUNSET STRIP,KENEDY,TX,78119-0," (830) 583-0014"
Non-plus,Houston Region,692,Beaumont 6 H-E-B,3590 COLLEGE ST,BEAUMONT,TX,77701-0," (409) 980-5800"
Non-plus,Gulf Coast Region,693,Kenedy H-E-B,107 N. SUNSET STRIP,KENEDY,TX,78119-0," (830) 583-3435"
Plus,San Antonio Region,694,New Braunfels H-E-B plus!,2965 IH35 NORTH,NEW BRAUNFELS,TX,78130-4678," (830) 312-5700"
Plus,Central Texas Region,696,Gattis School H-E-B plus! Hutto,5000 GATTIS SCHOOL RD,HUTTO,TX,78634-2025," (737) 484-0700"
Non-plus,Houston Region,697,League City Market H-E-B,2755 E.LEAGUE CITY PARKWAY,LEAGUE CITY,TX,77573-3360," (281) 334-3758"
Non-plus,Houston Region,698,Grant and Spring Cypress H-E-B,14100 SPRING CYPRESS RD,CYPRESS,TX,77429-6286," (281) 320-3700"
Non-plus,San Antonio Region,699,Nogalitos H-E-B,1601 NOGALITOS,SAN ANTONIO,TX,78204-2427," (210) 212-2600"
Non-plus,Specialty Pharmacies,701,H-E-B SPECIALTY PHARMACY,"3485 FREDERICKSBURG RD,SUITE 4",SAN ANTONIO,TX,78201-3848," (877) 432-9355"
Non-plus,Border Region,702,South 2nd Street H-E-B,200  W. EXPRESSWAY 83,MCALLEN,TX,78501-2951," (956) 630-2913"
Non-plus,Houston Region,705,Spring Creek Market H-E-B,3540 RAYFORD RD,SPRING,TX,77386-4343," (281) 528-2380"
Non-plus,Houston Region,707,Lake Jackson H-E-B,97 OYSTER CREEK DRIV,LAKE JACKSON,TX,77566-4622," (979) 297-1288"
Non-plus,Central Texas Region,708,Wimberley H-E-B,14501 RR12,WIMBERLEY,TX,78676-6215," (512) 842-3700"
Non-plus,Houston Region,709,H-E-B Market at Tuckerton,9722 FRY ROAD,CYPRESS,TX,77433-4847," (281) 205-6200"
Non-plus,Central Texas Region,710,Slaughter and South Congress H-E-B,8801 SOUTH CONGRESS AVENUE,AUSTIN,TX,78745-0," (737) 236-8348"
Non-plus,North West Region,711,Odessa H-E-B University Blvd,2501 W UNIVERSITY BLVD,ODESSA,TX,79764-7155," (432) 368-8400"
Non-plus,Gulf Coast Region,712,Cuero H-E-B,909 E BROADWAY,CUERO,TX,77954-2126," (361) 275-6144"
Non-plus,Houston Region,713,Clear Lake Marketplace H-E-B,3501 CLEAR LAKE CITY BLVD,HOUSTON,TX,77059-2511," (281) 212-8800"
Non-plus,Central Texas Region,714,Lakeway H-E-B,2000 RANCH ROAD 620 S,LAKEWAY,TX,78734-6238," (512) 599-5800"
Non-plus,Houston Region,715,Deer Park H-E-B,4701 EAST BLVD,DEER PARK,TX,77536-5404," (281) 930-0326"
Non-plus,San Antonio Region,716,Seguin H-E-B,1340 E COURT ST,SEGUIN,TX,78155-5131," (830) 379-8384"
Non-plus,North West Region,717,Midland Loop 250 H-E-B,5407 ANDREWS HIGHWAY,MIDLAND,TX,79706-2851," (432) 699-8201"
Non-plus,San Antonio Region,718,South Flores Market H-E-B,516 S FLORES STREET,SAN ANTONIO,TX,78204-1217," (210) 444-1879"
Convenience,Convenience Stores,719,Bandera & 1604 H-E-B Convenience Store,11652 BANDERA RD,SAN ANTONIO,TX,78250-0," (210) 600-3100"
Non-plus,Houston Region,720,Kingwood Market H-E-B,4517 KINGWOOD DRIVE,KINGWOOD,TX,77345-2621," (281) 361-0342"
Non-plus,North West Region,721,Fort Hood Stan Schlueter H-E-B,1101 W. STAN SCHLUETER LOOP,KILLEEN,TX,76542-0," (254) 226-3600"
Non-plus,Houston Region,722,Magnolia Market H-E-B,7988 FM 1488,MAGNOLIA,TX,77354-1611," (832) 934-3400"
Non-plus,Houston Region,724,Aliana Market H-E-B,10161 W GRAND PARKWAY S,RICHMOND,TX,77407-8643," (281) 295-3300"
Non-plus,Houston Region,725,Champion Forest Market H-E-B,20311 CHAMPION FOREST DRIVE,SPRING,TX,77379-8693," (832) 717-5600"
Non-plus,Houston Region,727,Richmond Market H-E-B,23500 CIRCLE OAK PARKWAY,RICHMOND,TX,77469-2509," (832) 595-5337"
Non-plus,Houston Region,728,Huntsville H-E-B,1702 11TH ST.,HUNTSVILLE,TX,77340-3723," (936) 291-6994"
Convenience,Convenience Stores,729,Hutto H-E-B Convenience Store,5008 GATTIS SCHOOL ROAD,HUTTO,TX,78634-0," (512) 520-1200"
Joe V's Smart Shop,Houston Smart Shop,731,FM 1960 Smart Shop,2929 FM1960 RD.,HOUSTON,TX,77073-2609," (281) 784-4200"
Non-plus,San Antonio Region,732,Bulverde and 1604 H-E-B,17238 BULVERDE ROAD,SAN ANTONIO,TX,78247-0," (210) 642-4700"
Non-plus,San Antonio Region,733,Alamo Ranch H-E-B,12125 ALAMO RANCH PKWY,SAN ANTONIO,TX,78253-0," (210) 963-3102"
Non-plus,North West Region,734,Sherwood & FM 2288 H-E-B,5502 SHERWOOD WAY,SAN ANGELO,TX,76901-0," (325) 223-3101"
Non-plus,Central Texas Region,735,Marble Falls H-E-B,1503 FM 1431,MARBLE FALLS,TX,78654-4902," (830) 693-3561"
Non-plus,Houston Region,736,Cross Creek Ranch H-E-B,4950 FM 1463,KATY,TX,77494-5426," (346) 387-7200"
Non-plus,Houston Region,737,The Heights H-E-B,2300 N. SHEPHERD DR.,HOUSTON,TX,77008-0," (713) 802-8100"
Non-plus,Houston Region,738,Bellaire Market H-E-B,5106 BISSONNET,BELLAIRE,TX,77401-4019," (713) 218-1600"
Convenience,Convenience Stores,739,Bulverde & 1604 Convenience Store,17439 CLASSEN RD.,SAN ANTONIO,TX,78247-0," (210) 642-4791"
Non-plus,Houston Region,741,Mont Belvieu H-E-B,13401 I-10 EAST,MONT BELVIEU,TX,77523-0," (281) 576-3500"
Non-plus,Houston Region,742,Baytown H-E-B,6430 GARTH ROAD,BAYTOWN,TX,77521-9638," (281) 421-5300"
Non-plus,Houston Region,744,Buffalo Heights H-E-B On Washington Ave,3663 WASHINGTON AVE. STE. 100,HOUSTON,TX,77007-0," (832) 673-3100"
Non-plus,Houston Region,745,Meyerland Market H-E-B,4955 BEECHNUT STREET,HOUSTON,TX,77096-4001," (713) 662-4000"
Non-plus,Houston Region,746,Jones Crossing H-E-B,11675 FM 2154,COLLEGE STATION,TX,77845-4737," (979) 680-3200"
Central Market,Central Market,747,Central Market Midway,4349 W. NORTHWEST HIGHWAY,DALLAS,TX,75220-3854," (469) 697-7800"
Non-plus,Houston Region,748,H-E-B Market at Gosling,5251 FM 2920,SPRING,TX,77388-0," (281) 323-6400"
Non-plus,Houston Region,749,Spring Green Market H-E-B,9211 FM 723 RD,RICHMOND,TX,77406-0," (346) 239-3500"
Non-plus,North West Region,750,H-E-B Mansfield,1670 E. BROAD ST.,MANSFIELD,TX,76063-0," (682) 400-8756"
Non-plus,North West Region,752,Hudson Oaks H-E-B,100 HUDSON OAKS DR,HUDSON OAKS,TX,76087-0," (817) 599-1299"
Joe V's Smart Shop,Houston Smart Shop,753,Pasadena Smart Shop,4203 RED BLUFF ROAD,PASADENA,TX,77503-3608," (281) 478-8400"
Non-plus,Central Texas Region,754,SoCo H-E-B,2400 S. CONGRESS AVE.,AUSTIN,TX,78704-0," (737) 610-6060"
Non-plus,Houston Region,756,MacGregor Market H-E-B,6055 SOUTH FREEWAY,HOUSTON,TX,77004-0," (713) 285-2600"
Non-plus,Houston Region,757,Harper's Trace H-E-B,10200 HIGHWAY 242,CONROE,TX,77385-4383," (936) 266-1100"
Non-plus,Houston Region,759,H-E-B Market at Northpark,19529 NORTHPARK DR.,KINGWOOD,TX,77339-0," (281) 312-8889"
Non-plus,Houston Region,760,Manvel H-E-B,17119 HIGHWAY 6,MANVEL,TX,77578-0," (281) 305-3949"
Non-plus,Central Texas Region,765,Oak Hill H-E-B,7901 US-290,AUSTIN,TX,78736-8300," (512) 288-5440"
Non-plus,Houston Region,767,H-E-B Magnolia Place,13663 FM 1488,MAGNOLIA,TX,77354-0," (346) 703-3104"
Non-plus,Central Texas Region,768,Lake Austin H-E-B,2652 LAKE AUSTIN BLVD,AUSTIN,TX,78703-0," (737) 610-6321"
Non-plus,Houston Region,769,El Dorado H-E-B,18611 EASTFIELD DR,WEBSTER,TX,77598-1303," (281) 488-1601"
Non-plus,San Antonio Region,770,Kerrville H-E-B On Main Street,300 W. MAIN ST.,KERRVILLE,TX,78028-0," (830) 896-3600"
Non-plus,San Antonio Region,771,211 and Potranco H-E-B,14325 POTRANCO RD.,SAN ANTONIO,TX,78253-7121," (210) 688-4662"
Non-plus,North West Region,772,Lubbock H-E-B,4405 114TH STREET,LUBBOCK,TX,79424-0," (806) 698-5900"
Non-plus,Specialty Pharmacies,773,H-E-B Pharmacy at the UTHTB,1601 TRINITY ST,AUSTIN,TX,78712-0," (512) 320-9998"
Non-plus,Central Texas Region,774,H-E-B at Ronald Reagan Blvd,19348 RONALD W.REAGAN BLVD,GEORGETOWN,TX,78628-0," (512) 843-4902"
Non-plus,San Antonio Region,775,New Braunfels H-E-B at Walnut,651 S.WALNUT,NEW BRAUNFELS,TX,78130-5722," (830) 608-0017"
Non-plus,Central Texas Region,780,Nutty Brown H-E-B,12021 W US 290,AUSTIN,TX,78737-9999," (737) 610-5789"
Non-plus,Central Texas Region,781,Wolf Lakes Village H-E-B,1010 W. UNIVERSITY AVE.,GEORGETOWN,TX,78628-9999," (512) 930-5581"
Convenience,Convenience Stores,782,H-E-B Fresh Bites Convenience Store,19344 RONALD W. REAGAN BLVD.,GEORGETOWN,TX,78628-9999," (512) 843-4984"
Non-plus,San Antonio Region,785,H-E-B Cibolo,850 FM 1103 SUITE 100,CIBOLO,TX,78108-9999," (210) 507-2501"
Non-plus,North West Region,789,H-E-B Main St,4800 MAIN STREET,FRISCO,TX,75033-0," (469) 473-4419"
Non-plus,North West Region,790,H-E-B Plano,6001 PRESTON ROAD SUITE 100,PLANO,TX,75093-0," (469) 395-0660"
Non-plus,Houston Region,791,H-E-B Willis,"12350 INTERSTATE 45 N,",WILLIS,TX,77378-9999," (936) 272-2000"
Joe V's Smart Shop,Houston Smart Shop,792,Katy Smart Shop,4107 NORTH FRY ROAD,KATY,TX,77449-0," (281) 456-4250"
Non-plus,San Antonio Region,793,Fair Oaks H-E-B,29388 I-10 WEST,BOERNE,TX,78006-0," (830) 368-4777"
Non-plus,North West Region,794,H-E-B McKinney,8700 ELDORADO PARKWAY,MCKINNEY,TX,75070-0," (469) 631-7483"
Non-plus,North West Region,795,H-E-B Forney,11700 E. US Hwy 80,FORNEY,TX,75126-0," (972) 532-3118"
Non-plus,North West Region,796,H-E-B Allen,575 E. EXCHANGE PKWY,ALLEN,TX,75002-0," (469) 656-9401"
Non-plus,Houston Region,797,Katy Park H-E-B,24924 MORTON RANCH RD,KATY,TX,77493-0," (281) 547-1365"
Non-plus,Houston Region,798,Madera Run H-E-B,16000 WOODLAND HILLS DRIVE,Humble,TX,77346-5318," (281) 547-6503"
Non-plus,San Antonio Region,799,College Park H-E-B,7330 N Loop 1604,SAN ANTONIO,TX,78249-0," (210) 343-2220"
Non-plus,North West Region,801,H-E-B Alliance,3451 HERITAGE TRACE PARKWAY,FORT WORTH,TX,76177-7505," (682) 708-1623"
Non-plus,North West Region,802,H-E-B Frisco Hwy 380 at FM 423,899 UNIVERSITY DR.,FRISCO,TX,75033-0," (972) 346-7324"
Joe V's Smart Shop,DFW Smart Shop,803,Wheatland Smart Shop,4101 W. WHEATLAND ROAD,DALLAS,TX,75237-0," (214) 484-3592"
Non-plus,Central Texas Region,804,Pflugerville Parkway H-E-B,2641 E. Pflugerville Pkwy,PFLUGERVILLE,TX,78660-0," (512) 646-8800"
Joe V's Smart Shop,DFW Smart Shop,805,Buckner Samuell Smart Shop,7700 Samuell Blvd.,DALLAS,TX,75227-0," (469) 608-5781"
Non-plus,Houston Region,806,Bridgeland H-E-B,20017 Bridgeland Creek Pkwy,CYPRESS,TX,77433-0," (281) 654-4400"
Non-plus,San Antonio Region,807,Culebra and 211 H-E-B,15489 Culebra Rd.,SAN ANTONIO,TX,78253-4602," (726) 220-5239"
Non-plus,North West Region,808,H-E-B Melissa,1230 CENTRAL EXPRESSWAY,MELISSA,TX,75454-0," (469) 447-5850"
Non-plus,North West Region,809,H-E-B Prosper,2145 W. Frontier Pkwy,Prosper,TX,75078-0," (469) 715-1139"
Non-plus,North West Region,810,H-E-B Rockwall,1600 E. Interstate 30,ROCKWALL,TX,75087-6228," (972) 961-1650"
Non-plus,Central Texas Region,811,H-E-B Manor,"13100 N FM 973, Building 1",MANOR,TX,78653-0," (737) 394-4625"
Non-plus,Central Texas Region,812,Parmer Ranch H-E-B,10110 RM 2338,GEORGETOWN,TX,78633-0," (737) 290-0451"
Joe V's Smart Shop,Houston Smart Shop,813,I45 & West Rd Smart Shop,10241 North Freeway Service Rd,HOUSTON,TX,77037-0," (281) 984-2610"
Non-plus,Houston Region,814,Jordan Ranch H-E-B,29711 Jordan Crossing Blvd.,Katy,TX,77494-0," (832) 271-2944"
Joe V's Smart Shop,DFW Smart Shop,815,Irving Joe V's Smart Shop,2407 W. Airport Fwy,Irving,TX,75062-0," (972) 327-7969"
Non-plus,North West Region,817,H-E-B Irving,2351 W. Interstate Hwy 635,Irving,TX,75063-0," (972) 957-7710"
Non-plus,North West Region,818,H-E-B Murphy,740 E FM 544,Murphy,TX,75094-0," (999) 999-9999"
Non-plus,North West Region,819,H-E-B Mid Cities,2105 Rio Grande Blvd.,Euless,TX,76039-2333," (817) 662-7341"
Non-plus,San Antonio Region,904,RX RELIEF UNIT,SET-UP 8/5/2009,none,,0-0," (0) 0-"